qtr,oix,numericpubdate,terms,uniqueterms,ttr,mtld,hdd
1838Q4,3288875.9702970297,18381174.504950494,556.8762376237623,277.82508250825083,0.5563407300884247,108.30645434577414,0.8370027073299022
1839Q1,3242112.9357798165,18390213.16717635,531.0550458715596,278.289500509684,0.5756875589573498,111.90995235419811,0.839793044256666
1839Q2,3238342.591008772,18390521.744517542,510.43092105263156,277.9506578947368,0.5922232911923453,128.87047937962976,0.848404703433612
1839Q3,3569716.1655359566,18390826.997286297,532.5753052917232,283.68928086838537,0.5845339991532815,123.67245449574484,0.8450087620119421
1839Q4,3454404.9953542394,18391107.469221834,517.5249709639953,279.1626016260163,0.5912002101524799,123.28633185220744,0.8459841373749462
1840Q1,3304665.355704698,18400207.49552573,530.4686800894855,279.99776286353466,0.5757107378551358,114.64850069207604,0.8433565748556442
1840Q2,3303396.2434607646,18400520.644869216,467.57042253521126,255.25955734406438,0.5959920297523233,118.58183028432722,0.8465641973086291
1840Q3,3291711.3360560094,18400818.323220536,459.33372228704786,276.08751458576427,0.6550410662800841,179.9353474452426,0.8756467713859588
1840Q4,3213626.8084862386,18401121.53325688,451.1788990825688,275.4908256880734,0.6598746533484416,184.76009395352025,0.8776061060338126
1841Q1,3353768.5757931843,18410237.71092832,492.61457109283197,282.7567567567568,0.6214587440112297,148.31019320152433,0.8645184296429853
1841Q2,3260804.6385281384,18410517.844155844,432.6374458874459,261.88419913419915,0.655433382690977,172.37234047878047,0.8762521229606496
1841Q3,3281463.964037123,18410820.588167053,421.0522041763341,256.2146171693735,0.6608790407205981,181.11245053733697,0.8790797894036114
1841Q4,3398780.371621622,18411114.434684686,444.6216216216216,255.018018018018,0.6204842664961081,145.27446310125703,0.8611623287531837
1842Q1,3347335.0916580847,18420219.284243047,520.9608650875387,288.9814624098867,0.6097751370112712,148.59719210407147,0.8655666164347867
1842Q2,3283462.0796370967,18420512.889112905,469.1663306451613,268.6592741935484,0.6236189851183311,146.30431654551617,0.8662802625011989
1842Q3,3254868.7147806003,18420815.18591224,450.270207852194,281.81870669745956,0.6735950157366419,200.689010928975,0.88934883009902
1842Q4,3350951.9691075515,18421118.32951945,475.88100686498854,270.6613272311213,0.6237854718508392,144.1532540037521,0.8656241804555568
1843Q1,,,,,,,
1843Q2,3466405.100496278,18430515.258064516,503.3697270471464,278.47642679900747,0.6001675959956964,127.16368558192079,0.8566393829696765
1843Q3,3263545.9677419355,18430818.144605115,523.4549499443826,279.60289210233594,0.578092962389718,113.15664803304482,0.8466045605022611
1843Q4,3206489.3536895677,18431118.71501272,560.1399491094147,309.83715012722644,0.5944970648554747,131.02163704743697,0.8591181318026536
1844Q1,3340367.805228758,18440222.460130718,582.6875816993464,306.4718954248366,0.5728022513474351,124.05274667188144,0.8536777484867243
1844Q2,3400686.7121771215,18440519.31734317,576.6063960639607,309.3579335793358,0.5847818288254429,129.28956950862002,0.8573142860092059
1844Q3,3265358.413752914,18440810.46153846,562.8391608391609,302.72027972027973,0.5848820543511132,125.94139059254051,0.8547673835688266
1844Q4,3381362.8759776535,18441110.9698324,551.0748603351956,301.75418994413405,0.5907599377484024,141.96698145940226,0.860897206954677
1845Q1,3296681.736903376,18450221.568102445,529.3690337601863,302.80675203725264,0.6158496511756963,156.76587499419801,0.8695830237596465
1845Q2,3302420.458201058,18450511.166137565,513.4772486772487,290.2306878306878,0.6072431922584614,142.46682714503652,0.8643435891572272
1845Q3,3296834.9075975358,18450816.050308008,547.3562628336756,293.03182751540044,0.5876687983523597,129.65716038474966,0.8554400700780823
1845Q4,3339179.9546875,18451066.7375,540.9625,290.3890625,0.5872065002880203,128.0995931909474,0.8526994704119796
1846Q1,3382002.440165062,18460208.31636864,554.917469050894,297.1348005502063,0.582692890399085,122.71234623129568,0.8520806813728771
1846Q2,3390129.025236593,18460511.41114616,589.3406940063091,304.5488958990536,0.5654092843406229,111.98090225687365,0.8480834325678898
1846Q3,3321186.4291497977,18460816.590080973,585.3815789473684,307.7844129554656,0.5725048468040022,122.00762108618986,0.8540251546834096
1846Q4,3324830.293122886,18461115.113866966,580.1172491544532,311.98196166854564,0.582981046744607,131.60932360101478,0.8588811743032109
1847Q1,3239510.491029273,18470216.81397545,553.8300283286119,305.85080264400375,0.5993544330078562,136.4169467587465,0.8604658328806555
1847Q2,3277784.87486631,18470521.386096258,574.4171122994652,308.07807486631015,0.5880226770767992,130.45630953458013,0.8573475290775575
1847Q3,3277525.397080292,18470770.153284673,596.4598540145986,296.53868613138684,0.5452081009315758,107.38204503748874,0.8382503623930437
1847Q4,3327071.167539267,18471121.14973822,577.7193717277487,302.04502617801046,0.567366664291368,112.38422825121614,0.8420897802880689
1848Q1,3289245.195402299,18480221.972831767,565.753396029258,302.86206896551727,0.5831097395269136,122.2298439822083,0.8534148473705495
1848Q2,3171566.094771242,18480516.545751635,566.0925925925926,304.53812636165577,0.5828393435208947,121.14024027293641,0.8540310108852552
1848Q3,3322587.229245283,18480816.866981134,576.8933962264151,302.7811320754717,0.5728252505474857,119.12277677312841,0.8523721208813144
1848Q4,3326016.0387453875,18481115.638376385,523.759225092251,289.56642066420665,0.5987879940492263,134.37847542421204,0.8592189204449849
1849Q1,3263090.356257046,18490207.886133034,486.3269447576099,286.58962795941375,0.6354058128021574,161.335378571492,0.8716624344740721
1849Q2,3269249.1856017997,18490526.026996624,515.5455568053993,287.72665916760405,0.6041242903114532,137.65426337948114,0.861112466110238
1849Q3,3236751.8370951912,18490822.649656527,503.07556427870463,281.071638861629,0.6029930616644827,134.05732306491666,0.8627525657212856
1849Q4,3246497.43011811,18491114.883858267,455.93897637795277,266.74015748031496,0.6194390534513867,142.9505621053172,0.861544335200205
1850Q1,,,,,,,
1850Q2,,,,,,,
1850Q3,,,,,,,
1850Q4,,,,,,,
1851Q1,3341913.817010309,18510232.74742268,432.89948453608247,261.8930412371134,0.6436210722370662,158.16755885543603,0.8703855914173719
1851Q2,3221459.553509781,18510512.398158804,449.34407364787114,265.19677790563867,0.6344727705038161,154.2327566721484,0.8696000732109549
1851Q3,3214846.7705128207,18510799.615384616,442.05128205128204,255.47307692307692,0.626028076237917,153.833875061304,0.8677548748399327
1851Q4,3040035.2624633433,18511066.417888563,415.86803519061584,258.1891495601173,0.6570119344313072,171.23595679457412,0.8759657350820919
1852Q1,3205993.559454191,18520213.18323587,408.6072124756335,251.8421052631579,0.6530698456870416,163.20580112384715,0.8723677661821096
1852Q2,3276667.6266009854,18520516.336945813,407.4009852216749,256.60591133004925,0.6630459128672599,178.08974737459226,0.8799006630998302
1852Q3,3311187.0954356845,18520819.418049794,398.60165975103735,237.63589211618256,0.6273875186172702,142.36080571838167,0.8452002752881222
1852Q4,3121388.4777070065,18521117.638004247,427.1804670912951,232.7876857749469,0.5888001731891388,106.32563514587513,0.8253295769278077
1853Q1,3369919.010863661,18530217.14611624,535.5312330255296,262.6425855513308,0.5461449212441111,93.20275353289468,0.8288060772955476
1853Q2,3303013.917005223,18530511.146836914,535.8972721996518,272.501450957632,0.5692870608750764,110.04909122055261,0.8411546606386839
1853Q3,,,,,,,
1853Q4,,,,,,,
1854Q1,,,,,,,
1854Q2,,,,,,,
1854Q3,3207071.876519514,18540812.044785667,518.4792066538707,265.41074856046066,0.5651735756145239,103.01599884562616,0.8384058080899105
1854Q4,3310256.466622604,18541113.984137475,502.5069398545935,255.82022471910113,0.5664837356427197,100.83666132005717,0.8355319942492843
1855Q1,3256661.3846153845,18550216.504142012,445.7420118343195,253.92899408284023,0.621813513708228,140.3650777998854,0.8601090889600206
1855Q2,3309337.399494311,18550515.22629583,458.44500632111254,258.01137800252843,0.6066967812706172,128.18814714351743,0.8549349247015583
1855Q3,3264484.5755555555,18550827.12111111,490.6533333333333,266.05444444444447,0.5940612736417876,128.10371827952957,0.8542407732774466
1855Q4,3439084.67388535,18551107.74522293,469.5783439490446,267.8751592356688,0.6178860872030184,147.10119324898594,0.8640138367194894
1856Q1,3355378.860969388,18560222.540816326,422.1198979591837,252.7295918367347,0.6422291985703376,161.01918355133853,0.8656891501565703
1856Q2,3318688.7415599534,18560512.88242142,423.8521536670547,255.45168800931316,0.6495699673092368,176.33424225313786,0.8769766292815003
1856Q3,3288978.5655737706,18560809.899297424,426.40515222482435,259.23653395784544,0.6517965041622517,175.52713042764196,0.8758507894618031
1856Q4,3349492.627368421,18561112.330526315,409.2336842105263,258.00315789473683,0.6685372140935538,183.31901503192145,0.880449071814834
1857Q1,3294631.850678733,18570219.692954104,472.3070458952812,249.7950872656755,0.5833080656217994,112.68781278033103,0.8444132861403707
1857Q2,3333306.2574309977,18570520.986199576,468.51008492569,245.02653927813162,0.5777391350251377,104.7962545775564,0.8413792642049599
1857Q3,,,,,,,
1857Q4,,,,,,,
1858Q1,3245504.749333333,18580242.009777777,451.47555555555556,258.09422222222224,0.622420896410275,142.76177307004815,0.8600572056433899
1858Q2,3294926.297756628,18580520.871515974,424.37933378653975,247.3467029231815,0.6277667901059518,148.50987464680713,0.8640205211552485
1858Q3,3299128.914580265,18580812.266568482,416.058910162003,245.42636229749633,0.6317538257127461,152.4806867789772,0.8629061631822496
1858Q4,3285033.869011976,18581101.47754491,443.7649700598802,241.82784431137725,0.598604245506935,125.89419613240743,0.845750618108113
1859Q1,3197550.4599018004,18590221.549099836,497.0941080196399,250.30932896890343,0.5598847306418082,98.75805048235858,0.8341073289857784
1859Q2,3229508.3699927167,18590515.332119446,517.611798980335,259.6256372906045,0.5581674689236167,100.65543477680927,0.8342526449778503
1859Q3,3276839.5287162163,18590813.79983108,519.3809121621622,272.3251689189189,0.58561887044556,118.2789592697719,0.8466242151839761
1859Q4,3400694.6875,18591111.28161765,484.4441176470588,259.14191176470587,0.5908563623208669,115.9525364085443,0.8433409230546868
1860Q1,,,,,,,
1860Q2,,,,,,,
1860Q3,,,,,,,
1860Q4,,,,,,,
1861Q1,3414745.5048250905,18610210.805186972,523.8817852834741,291.91254523522315,0.6164893498892883,154.96654432557744,0.8669329250273478
1861Q2,3390143.3459268003,18610447.290436834,506.2609208972845,284.93860684769777,0.622197887588976,150.92719178343216,0.8654614321664941
1861Q3,3802962.892300425,18610814.971658006,496.1785545583373,281.6476145488899,0.6263950561978284,159.5317358036475,0.8676816160486176
1861Q4,3662738.221073363,18611110.251107827,448.37666174298374,266.01181683899557,0.6385333435134484,165.1813973999993,0.8595624186272577
1862Q1,,,,,,,
1862Q2,,,,,,,
1862Q3,,,,,,,
1862Q4,,,,,,,
1863Q1,,,,,,,
1863Q2,,,,,,,
1863Q3,,,,,,,
1863Q4,,,,,,,
1864Q1,,,,,,,
1864Q2,,,,,,,
1864Q3,,,,,,,
1864Q4,,,,,,,
1865Q1,,,,,,,
1865Q2,,,,,,,
1865Q3,3701003.7177051674,18650817.035714287,520.438829787234,287.241641337386,0.6129554999675366,146.03131907228388,0.8683243423097565
1865Q4,3594124.300436681,18651110.468995634,520.6995633187773,287.7759825327511,0.6185643974946021,148.88699224481766,0.8690784071485759
1866Q1,,,,,,,
1866Q2,,,,,,,
1866Q3,,,,,,,
1866Q4,,,,,,,
1867Q1,,,,,,,
1867Q2,,,,,,,
1867Q3,,,,,,,
1867Q4,,,,,,,
1868Q1,,,,,,,
1868Q2,,,,,,,
1868Q3,,,,,,,
1868Q4,,,,,,,
1869Q1,,,,,,,
1869Q2,,,,,,,
1869Q3,3752290.678289001,18690819.524083395,419.118619698059,244.13299784327822,0.6296376187552297,153.24450571430677,0.8454514112474243
1869Q4,3634171.273271028,18691108.70990654,381.2669158878505,238.13345794392524,0.670027405101939,179.92829958973604,0.8683162457742365
1870Q1,,,,,,,
1870Q2,,,,,,,
1870Q3,,,,,,,
1870Q4,,,,,,,
1871Q1,3663209.379051518,18710222.150801774,439.38382804503584,261.1954964176049,0.650250423955513,162.51943971713612,0.8744649103078427
1871Q2,3687351.373392011,18710514.742044684,447.7728503723764,259.0842924847664,0.6294857495028814,150.37710647020666,0.8624440857490269
1871Q3,3648067.7756678467,18710819.552301254,424.22433215320245,252.69423881557773,0.6487897634236285,163.59290182533604,0.8689582425106724
1871Q4,3632188.7550155413,18711114.079683527,388.1345012715456,232.41113308844305,0.6464024190105712,164.3545480245781,0.8497570860779222
1872Q1,3613902.5936883627,18720211.26627219,451.62017469709775,251.0901662440124,0.6218576601008952,143.22590374189326,0.8625393059039156
1872Q2,3541387.8268174473,18720512.297576737,411.9340872374798,233.59709208400645,0.6325596650269409,145.4923842264961,0.8655559327493457
1872Q3,,,,,,,
1872Q4,,,,,,,
1873Q1,,,,,,,
1873Q2,,,,,,,
1873Q3,,,,,,,
1873Q4,,,,,,,
1874Q1,3561639.7034120737,18740216.692913387,485.28608923884514,267.2024746906637,0.6191332329183475,155.58431591828656,0.8654960350183292
1874Q2,3565661.0166919576,18740521.239757206,453.75,248.18740515933231,0.6074167114773525,140.48807481261863,0.852693029416938
1874Q3,3599171.550577054,18740815.394093685,478.60047522063815,262.1042090970808,0.6096076442846038,149.98877924866397,0.8654995115067602
1874Q4,3627511.697704494,18741115.235693503,436.58583899127063,257.5143873262205,0.6456986576708772,156.3673627563196,0.8723235545257091
1875Q1,3540267.6339384955,18750215.928492036,440.02074842534273,251.8718043719896,0.6288190323972815,142.0233829418161,0.8575445261490101
1875Q2,3500944.8189563365,18750519.574724883,393.4714235001775,234.1192758253461,0.6446325115955452,161.8670633711727,0.8515830760495834
1875Q3,3842051.338345865,18750817.405657,440.2796276405299,274.6194056569996,0.6943536006145575,229.3305079574639,0.8958576597963427
1875Q4,3969312.9016086794,18751114.52151141,398.69622147399923,262.8226711560045,0.7301007330970564,269.04691327311326,0.9031866947227386
1876Q1,3917460.247549909,18760220.28275862,464.07332123411976,265.78294010889294,0.6369358561691116,162.2266574495849,0.8694797125424851
1876Q2,3811847.7326589595,18760524.79118497,478.3041907514451,271.6940028901734,0.6321528689859749,159.14920439213225,0.868275917368547
1876Q3,3843707.8261007285,18760812.825467214,504.4592968007602,268.70541653468484,0.5937592939364049,119.673712482642,0.8520405866641417
1876Q4,3764637.955495617,18761111.830748484,487.4409979770735,264.1935266351989,0.6051607569440343,125.63974023923075,0.8550373158191081
1877Q1,3794697.631785714,18770213.515714284,480.3128571428571,258.1832142857143,0.6042155440885407,121.59650921665342,0.8511263151849742
1877Q2,3373271.5424366873,18770516.696783025,448.57529089664615,249.27310061601642,0.6227799930747385,148.83781458010085,0.864945741877826
1877Q3,3822672.5537780803,18770813.968345813,475.9857045609258,251.74540503744043,0.5932058775724787,112.13906364254069,0.8456496563213116
1877Q4,3709001.4948979593,18771112.436953355,467.90123906705537,252.22667638483966,0.6065676006223517,122.91192782734645,0.8523650153564054
1878Q1,3459170.540436949,18780215.043694902,455.10425450364124,250.94480643924877,0.6192730933311728,133.344037219335,0.8560961597797837
1878Q2,3523608.103896104,18780516.09992785,471.66630591630593,256.05808080808083,0.6125374711908713,139.27763666129815,0.8585014914323168
1878Q3,3369426.7804165143,18780812.667519182,470.5195469492145,255.25392765801973,0.6147823644421171,134.4631977833311,0.8580336189869058
1878Q4,3452280.861601643,18781104.78480493,470.3757700205339,259.35852156057496,0.6206693428241814,140.04204095634003,0.8608020893856503
1879Q1,3451117.5057971017,18790218.64347826,431.29384057971015,252.21304347826086,0.6515073606582245,162.23514401531497,0.8719547049422396
1879Q2,3513448.4152380954,18790515.748190477,433.7748571428571,253.22057142857142,0.6455875076929631,161.4691505053529,0.871823476565633
1879Q3,3521334.507390983,18790818.206577975,462.33887657058386,252.89172209903919,0.6146419883090932,136.8689662715279,0.8597503516420952
1879Q4,3573314.7777337558,18791104.29635499,476.7630744849445,258.2809033280507,0.6098174490165129,135.5151157716697,0.856547419002196
1880Q1,3552952.1628701594,18800214.891799543,439.32991647684133,252.81131359149583,0.64704039901717,159.7166897348785,0.870072543121047
1880Q2,3372553.400434468,18800522.094134685,464.8149891383056,247.59413468501086,0.6025768879919828,120.33627742880235,0.8488798500207335
1880Q3,3476107.841726619,18800812.22610483,452.2261048304214,241.94484412470024,0.6024755337597176,116.30174349872837,0.8456922500702648
1880Q4,3400695.5612648223,18801116.26697808,483.6798418972332,264.06467840459936,0.615541519456344,134.28092530738974,0.8586368987177966
1881Q1,3522030.2322738385,18810219.618232623,483.07404820118757,246.45406915822565,0.5752428044496137,103.19766026900871,0.8408948751035258
1881Q2,3517080.3444293477,18810516.61990489,469.3345788043478,243.5247961956522,0.5859166823494154,109.22987460362603,0.8469516984805086
1881Q3,3447815.507076286,18810811.920607526,471.96789782533654,243.31170176044185,0.5835262118838497,108.78708352202732,0.8472628528572054
1881Q4,3371039.2611382115,18811117.201300815,479.369756097561,243.28975609756097,0.5787713737461165,110.73062195778185,0.8458802221193157
1882Q1,3467823.6179261864,18820212.980316345,506.97293497363796,263.52934973637963,0.5868552701755845,118.38242854391622,0.8515286227740394
1882Q2,3319461.8532210835,18820517.997803807,502.048682284041,262.86273792093704,0.589927841804226,115.35358415867381,0.8499621316325707
1882Q3,3374875.0754162585,18820815.192295134,502.9030362389814,253.58145608880181,0.5726689598658902,102.9318056840625,0.8408821855990398
1882Q4,3398467.2048392445,18821116.426582698,485.6377195889957,249.76798143851508,0.5790578738630083,103.72934974478773,0.8390488900627837
1883Q1,3356131.817069344,18830216.85409476,490.4970191402573,250.9563853153436,0.5806941283341746,112.89392743434843,0.8466028218561091
1883Q2,3567630.2143287174,18830518.624322698,491.1842263696568,259.50361228175797,0.5906352053964642,118.96421096097593,0.8510917009889002
1883Q3,3365002.7711966326,18830813.180697534,484.84906794948887,250.0246542393265,0.578852284359525,108.20179093850692,0.8444201672935661
1883Q4,3384449.6784611065,18831112.54647571,477.62061218758777,247.9146307217074,0.5800889089850492,104.87435950913324,0.8381812353193516
1884Q1,3377090.3985869884,18840211.98851928,484.53576685310566,254.99676184869003,0.5883288124860335,122.46236509767533,0.8462325744727106
1884Q2,3363080.4250809536,18840515.637327053,495.7977627318222,258.7471298204298,0.5858358184854215,120.72613695026168,0.8482651052993759
1884Q3,3397040.250774866,18840817.781910397,514.5595942519019,268.85939701324315,0.5876090660893583,117.5350412247667,0.8487420352373125
1884Q4,3356907.348939686,18841112.440099146,510.48251170476453,269.78297989534565,0.5903646365277251,122.0843752854721,0.8536635353152572
1885Q1,3319887.351228978,18850226.70148771,481.03072445019404,246.0061448900388,0.5697813938845889,97.57539033664956,0.833542735368412
1885Q2,3288677.9063953487,18850514.075581394,500.65406976744185,251.79593023255813,0.5638422732342107,102.19234284507323,0.8394642191273695
1885Q3,3307286.1981132077,18850814.76109878,480.5677025527192,242.66453940066592,0.5692073060023598,101.88582529590916,0.8391400001130717
1885Q4,3532622.921686747,18851115.366922233,498.1681270536692,246.47316538882805,0.5586602671709996,103.24575639662045,0.8401335923885
1886Q1,3300482.6489971345,18860214.357879657,463.6587392550143,265.476217765043,0.6371018352045202,151.89749816359137,0.8665064169119695
1886Q2,3262792.023195129,18860517.786604814,523.4923166135112,254.55726297477528,0.5538547083880909,104.21280212380253,0.8383067264704412
1886Q3,3305051.184218161,18860817.211778358,518.8526254714244,261.78299970989264,0.5704715114421013,102.42070100770606,0.842391193398732
1886Q4,3288480.497667185,18861116.0782789,482.5417314670814,248.49559357179885,0.57677177913949,105.3068212414678,0.8423417265427104
1887Q1,3320577.9238356166,18870223.12410959,484.83616438356165,243.36876712328768,0.5598965245678285,90.56079467923973,0.8282249421849326
1887Q2,3263091.6607565014,18870509.347813237,521.5218676122931,256.9914302600473,0.5529040802155327,92.9800967067426,0.8323877205362249
1887Q3,3526541.6351265823,18870819.45601266,549.2575949367089,265.86803797468355,0.5469389400607556,91.5704919823171,0.8339328285259536
1887Q4,3415570.7000911576,18871116.622607112,538.9914919477362,270.45578851412944,0.5628331164255236,101.28381878535535,0.8401006441187029
1888Q1,3319589.6866501854,18880210.407911003,498.54882571075404,248.8278739184178,0.5584228601777689,92.7582013089848,0.8326570885369768
1888Q2,3583865.8473282442,18880513.446882952,532.8072519083969,261.3813613231552,0.5504218721971362,90.42882871464998,0.8296059312557973
1888Q3,3230529.893811075,18880815.269381106,526.8456026058632,255.26188925081433,0.5460153206658676,86.88935782944834,0.8290390568921882
1888Q4,3245629.2879401683,18881114.76441259,511.53942038018073,251.86226238703645,0.5551750195354739,91.54354704531865,0.8323990686149174
1889Q1,3253027.7633819953,18890218.311435524,502.07177615571777,248.51642335766422,0.5587507894815394,93.71618200389112,0.831199944903399
1889Q2,3421656.8048927817,18890515.211114466,502.5345816973724,250.384778012685,0.5628714407233382,93.58163944051631,0.8306139267388938
1889Q3,3205849.468312005,18890814.549055453,506.0088360755637,251.4177330895795,0.5609191048851855,93.60905448517046,0.8296273620492784
1889Q4,3266570.870386024,18891112.344322346,489.1696252465483,247.60862214708368,0.569091793250298,96.50478332736168,0.8342913540448208
1890Q1,3240033.4261001516,18900215.97450683,506.0470409711684,257.35235204855843,0.5682167999589218,99.09598623794784,0.836100038477875
1890Q2,3297356.292741452,18900515.392921414,529.0674865026995,259.0779844031194,0.5523779813271039,91.50493685681104,0.8307335847371726
1890Q3,3265283.157071339,18900820.399874844,492.46902377972464,250.99906132665834,0.5773664171135595,102.70419653791754,0.8388212257842275
1890Q4,3248173.797907489,18901117.827367842,473.7340308370044,240.66216960352423,0.5664968273115571,92.39635251194282,0.8314914754393669
1891Q1,3198225.3022160665,18910216.929085873,488.0858725761773,245.3556786703601,0.5656464771818557,93.62336401992037,0.8309606573692874
1891Q2,3162612.3672111314,18910511.04385965,479.18935269207503,251.7924984875983,0.5890389014560108,120.28950874244555,0.8469014820807447
1891Q3,3218568.7098399526,18910826.011262596,489.81120331950206,238.94398340248964,0.5543614167664304,92.19154688626881,0.8306977531971763
1891Q4,3222753.639219935,18911111.589382447,491.01002166847235,251.68228602383533,0.5754636315305806,103.87850096422792,0.8409498334720285
1892Q1,3157237.3457943927,18920221.414788347,489.12919186366133,241.76223199560198,0.5507098401659554,85.25905906353945,0.8238024545469261
1892Q2,3289154.1570055345,18920517.55199534,478.20099038741625,259.7716283134285,0.6049101199042302,129.0199077303709,0.8551614495018728
1892Q3,3270765.225263158,18920816.375037596,519.4108270676692,264.43609022556393,0.5708227061891442,106.65602901427947,0.8403008317107253
1892Q4,3237004.972505669,18921114.338435374,488.01303854875283,272.9702380952381,0.6194919992685509,148.14990390353194,0.8634648008833204
1893Q1,3203861.2387444517,18930220.481293596,493.33227647431835,277.3113506658212,0.6255669131787506,154.69012684380343,0.8665991997468672
1893Q2,3218610.3304111245,18930514.15931076,466.49365175332525,272.8591293833132,0.6312012736009769,159.86633180234037,0.864362989391425
1893Q3,,,,,,,
1893Q4,,,,,,,
1894Q1,3154957.1409774437,18940216.07612782,437.5764411027569,266.2236842105263,0.6419067453901968,173.9174545645251,0.8490994014000866
1894Q2,3174280.405775076,18940517.976595744,505.71094224924013,298.2306990881459,0.6451629423819013,181.70571813231203,0.8778079115443884
1894Q3,3193139.7197753475,18940816.964528523,481.07301211942064,282.27638190954775,0.6512479204492336,184.39898480513992,0.8799439749395211
1894Q4,3283395.821925754,18941110.22911833,505.6719837587007,299.5690255220418,0.6507607360734134,189.67644219427476,0.8832872553812641
1895Q1,3177733.718987342,18950218.231012657,528.0563291139241,295.078164556962,0.620833564067611,162.2727757506354,0.870920362199884
1895Q2,3061707.180806676,18950512.058970794,493.01529902642557,275.6787204450626,0.6203230124505745,153.6488229529218,0.8650916815538993
1895Q3,3212033.821294964,18950818.27884892,533.4284892086331,288.55453237410075,0.6072397837612983,147.99908277747133,0.8628717027598767
1895Q4,3867792.089090909,18951110.150909092,555.6218181818182,297.7709090909091,0.6021306931321895,143.36868851472204,0.8614530792652555
1896Q1,,,,,,,
1896Q2,,,,,,,
1896Q3,,,,,,,
1896Q4,,,,,,,
1897Q1,3143049.4113389626,18970220.811821472,460.296441495778,273.78377563329315,0.6601156351449522,198.4102708550101,0.8828816368999183
1897Q2,3282258.482857143,18970503.78793651,538.2866666666666,295.8673015873016,0.6106281961453348,146.29147480227502,0.8637304775299883
1897Q3,3198127.3091527345,18970817.932275433,498.4706715783508,291.4803060357042,0.6432918673389914,187.16577924876174,0.8768760225226214
1897Q4,3195720.25895159,18971111.332283013,476.68232598109427,288.4359782297336,0.6619345181101304,198.44648819193807,0.8826883406559402
1898Q1,3322859.0197438635,18980215.421291355,518.1934364994664,255.18329775880468,0.5532067198002214,92.80172833614755,0.8325524548410921
1898Q2,3397989.098079764,18980514.48183161,533.5607090103397,283.1462333825702,0.5900429904733281,126.24887105331777,0.8539399287058714
1898Q3,,,,,,,
1898Q4,,,,,,,
1899Q1,3593327.230769231,18990213.995711606,515.0686143125167,260.20959528276603,0.5648101182301687,100.88509357706357,0.8387463277550864
1899Q2,3170256.1313073393,18990515.069380734,534.3497706422019,271.60493119266056,0.5643696936396287,106.37483619478067,0.8422150445895835
1899Q3,3312548.22322503,18990817.081829123,550.7999398315283,276.20336943441635,0.5552734226612221,100.17783473031962,0.8373046271357529
1899Q4,3235257.23898051,18991112.173013493,555.6968515742129,278.343928035982,0.5515931389702394,99.9344775502405,0.8393882467939874
1900Q1,3421219.117196057,19000212.19742607,503.8838992332968,262.4416757940854,0.5756635746950364,108.13958685952902,0.8448507874057816
1900Q2,3278557.513057325,19000517.411464967,541.6652866242039,270.23216560509553,0.552035323490388,95.56155928792697,0.836018119707707
1900Q3,3285662.7551703164,19000817.1006691,547.154501216545,271.5462287104623,0.5544960494080862,98.71723926014012,0.8400836035190038
1900Q4,3363445.236234458,19001113.821195975,513.3043220840734,270.67347542924807,0.5824247322441499,116.8154414421685,0.8484939409548748
1901Q1,3230934.4130990417,19010226.255591054,476.1888178913738,260.21789137380193,0.6026071748070062,127.74456807315146,0.8528420516042617
1901Q2,3184165.667816397,19010521.908463784,466.3584505173786,256.93764924383123,0.6054513543205802,129.23126247134843,0.8530963522473188
1901Q3,3236165.0525564123,19010815.136246786,487.10796915167094,256.87546415309913,0.5834480047868574,110.32052040210853,0.8456664723248151
1901Q4,3373624.9474801063,19011114.618037134,507.2148541114058,278.453050397878,0.6005030718685658,130.83660798747303,0.8571900400980178
1902Q1,3217968.647906471,19020216.72485046,484.82871125611746,272.7784121805329,0.6144499457841118,139.27246778084495,0.8592319698872831
1902Q2,3185197.281030445,19020511.923757482,478.5688264376789,276.808222742649,0.6334281277543515,159.0307875268095,0.8690803514220649
1902Q3,3226647.8053248655,19020814.47313141,481.2398632144602,274.7916463116756,0.6255926454184749,152.00408383389077,0.8653740953087444
1902Q4,3264613.8062953996,19021109.931934357,496.89346246973366,267.5902609631423,0.5922361513669538,116.71082864632415,0.8465462140952794
1903Q1,3204996.8145474736,19030218.283453636,517.4275402554136,283.3076068850639,0.5991161280203423,129.6104538211794,0.8550574234968447
1903Q2,3196501.363389462,19030512.380228136,491.21347093970667,282.2289516567083,0.6287874241148741,156.97340427946048,0.8679552868684638
1903Q3,3234475.144859813,19030813.339472238,523.4271577789995,280.7231995601979,0.5965074546587099,127.88712492084032,0.8542314359225835
1903Q4,3221215.4957405883,19031112.210222587,489.0956306677659,275.87111843913164,0.6243762435285423,159.01912760428024,0.8661978999460836
1904Q1,3276713.1570485216,19040215.700832617,484.70111972437553,273.0479471719782,0.6259281414423357,157.18168137647163,0.8662908027719138
1904Q2,3307980.602202146,19040515.421795595,501.69339356295876,279.11801242236027,0.6133126764782526,142.66351616392575,0.8636188465284858
1904Q3,3310305.946865672,19040814.322686568,502.9886567164179,290.7014925373134,0.632353284945866,166.78349424890254,0.8720558003150845
1904Q4,3243087.801215278,19041118.918113425,505.77690972222223,289.36747685185185,0.6283291939389501,160.87157120968078,0.8701881352480078
1905Q1,3243317.9655558667,19050212.67824139,520.6443573228787,290.39344721366564,0.6108112425084895,145.5996779728405,0.8631569077282312
1905Q2,3198427.378531073,19050513.19000892,497.38209931608685,269.08325899494497,0.5931952886721156,119.47750788348279,0.8471998666658338
1905Q3,3329082.1525925924,19050819.65362963,483.40711111111113,266.7588148148148,0.6072730850330637,134.52109426629264,0.8541235361304766
1905Q4,3604073.133432836,19051112.315522388,456.58268656716416,269.8988059701492,0.6343577978748121,152.56736043613003,0.8627361880895245
1906Q1,3561756.8402860546,19060221.149582837,487.97497020262216,261.8453516090584,0.589704064455057,116.26380786049297,0.8479872993783811
1906Q2,3672000.7545684567,19060518.025021084,457.5752038234467,269.4484115827945,0.6324297118532649,147.53953088483547,0.8667022499894558
1906Q3,3637869.9558117194,19060814.43972142,506.3623919308357,280.6037463976945,0.600590022909337,128.2982125441779,0.8574887357616839
1906Q4,3671290.9811004787,19061111.83014354,487.7093301435407,281.58301435406696,0.6210645553567966,140.55233807640525,0.8663720275678944
1907Q1,3574256.727582846,19070215.09868421,488.7843567251462,280.53411306042887,0.6186691580629132,138.69928278377935,0.8637531650569777
1907Q2,3743752.073385973,19070517.05550395,509.2282861124013,274.84579656293545,0.5904257317909509,120.41895467319931,0.8492526723301703
1907Q3,3762216.430482367,19070810.783948116,504.5020267531415,274.01540332387515,0.5906417805384431,117.69642749443,0.8493957404888945
1907Q4,3662443.358879722,19071110.550369084,511.42357794181504,274.9342162396874,0.5874257285838258,116.51495108450182,0.8498327705758014
1908Q1,3583641.3804677348,19080215.609354697,494.26526634906884,270.7609354699004,0.6030760464907465,128.29341572523947,0.8529107809203383
1908Q2,3640285.2448077775,19080519.885550156,506.30313742819266,293.00950066283696,0.6256378573201267,155.33055234556127,0.8685313720004681
1908Q3,3580572.4087755103,19080812.99367347,520.0632653061225,286.90938775510205,0.6037841007263409,135.8625067644437,0.8594545529034174
1908Q4,3729750.3274404304,19081116.103189856,507.73616448885474,280.2140661029977,0.5990693521933459,129.94263082877595,0.8546551090410773
1909Q1,3561572.221329151,19090217.639874533,530.882376004705,286.8559106057636,0.5875673204311516,120.42603003645911,0.8488950671444371
1909Q2,3605408.606097315,19090520.040783364,554.549364021805,278.24510397738743,0.5511544604399196,97.04155615069074,0.833304649256024
1909Q3,3583445.579679351,19090809.35677033,518.6237203013328,267.0390187367201,0.5711827249021958,107.65932901309098,0.8407147855584267
1909Q4,3678428.5084604137,19091120.800919157,510.31167745978695,252.49759766033006,0.5480068599964177,88.86924821277125,0.825114902037576
1910Q1,3548222.61721769,19100216.459424645,494.81365392872476,261.2462430227566,0.5814447232292942,111.91798440706503,0.8447833653007345
1910Q2,3550206.287259881,19100512.829542946,506.44535217487305,266.7674983440053,0.5814793919072271,113.96029232423041,0.8459161481471016
1910Q3,3718896.3488418134,19100817.064739656,475.072262918234,254.53870520688972,0.5936531613425061,115.87175408402493,0.849575321787682
1910Q4,3422203.4210313447,19101115.806673408,525.135894843276,267.12558139534883,0.5652907870566005,102.80746523295839,0.8401806544719277
1911Q1,3185022.343446602,19110216.36306634,482.52265372168284,251.72734627831716,0.5733861874214379,102.27899239341565,0.8351066406873423
1911Q2,3584980.549725442,19110519.133211307,502.4500711816148,256.94081757169005,0.562998081346739,98.68826080480008,0.8335570318912486
1911Q3,3208275.002723654,19110814.595432643,497.47517284726587,257.76786088413996,0.5718899111188477,102.67201325143391,0.8357668101239166
1911Q4,3152898.18685567,19111112.658505153,492.90549828178695,257.3122852233677,0.5717140804373189,100.78089250820884,0.8338146046097216
1912Q1,3314375.70717664,19120212.213242855,514.2930289944479,261.1665638494756,0.5615955124246784,99.3941397116747,0.8375035377462297
1912Q2,3584202.7139484556,19120517.990360025,509.8178241196144,261.57013574660635,0.5670666323101575,100.99765910645013,0.8381243665697246
1912Q3,3380149.653749759,19120812.691729322,517.4549836128783,262.8958935801041,0.5637448386699326,101.0684998643444,0.8383960414692774
1912Q4,3497173.8207054893,19121108.36965143,525.8140262993112,267.72824045084536,0.5617091672312486,102.30970620328611,0.839103105375972
1913Q1,3489049.9608130762,19130214.964794636,506.2254819782062,266.176026823135,0.5789227578085893,111.40255605258996,0.8484130641620491
1913Q2,3335863.468611165,19130510.640139077,523.0689588564805,267.5358315626811,0.5685572364198166,101.70294932748254,0.8424327059910449
1913Q3,3611726.6328483922,19130811.356623277,556.3256125574272,275.4718606431853,0.5527490709061861,98.185292100554,0.8392664192518865
1913Q4,3321064.7360063517,19131110.319571257,549.4394601032155,275.88606589916634,0.5551840358788871,99.99465985152843,0.8405324595902826
1914Q1,3568356.3638604474,19140216.122108456,520.8551384148653,262.1456200227531,0.5556202467043232,95.18247610709344,0.8347997369690149
1914Q2,3648635.9092928544,19140519.07219548,478.74472417623105,269.8598667160311,0.6159561765284067,136.6508882118604,0.8609966964982432
1914Q3,3580010.277326671,19140804.348532166,503.56089943785133,268.55028107432855,0.5885246040027622,115.20179901932889,0.8506607405841641
1914Q4,3643198.830226365,19141114.44740346,489.29094540612516,263.5110963160231,0.5951168429323987,118.11378007059739,0.8504522927881477
1915Q1,3483594.23312386,19150218.39752686,509.0624366511251,262.5142915061829,0.5690280131304516,100.43927059875811,0.8388080271061882
1915Q2,3632983.1579760527,19150517.938006952,522.973348783314,259.90787949015066,0.5488199638464419,90.1374844912629,0.8321818535174441
1915Q3,3615594.563767825,19150811.91664993,513.3237597911227,254.52138983731672,0.5529933058267538,89.68620329569298,0.832086466964703
1915Q4,3713907.178396872,19151105.977517106,520.9469696969697,259.7089442815249,0.5527163241198115,91.89890091227514,0.8338959495628249
1916Q1,3737782.0253938395,19160207.887608748,527.0623089583823,259.8892546437809,0.5459869681292173,89.49803064492065,0.8352375958885723
1916Q2,3785482.6033100593,19160515.584432375,521.1471424877166,265.54667701060254,0.5626423616722638,98.85502834826481,0.8406600307534448
1916Q3,3830170.960584344,19160816.02232635,528.6003307607497,270.16317530319736,0.5646426461412364,102.0883002926489,0.8430244011423966
1916Q4,3544628.2089593005,19161116.663206775,528.0297732859874,271.3163070199399,0.5646020056984172,98.94971394729961,0.837965271628213
1917Q1,3418882.0345014944,19170213.133387666,540.4911708774789,278.5639771801141,0.5663411975313063,103.18113775968483,0.8420383413255059
1917Q2,3371347.967881408,19170518.122606546,548.6124150710315,286.13125386040764,0.5708032469906648,106.66557567025899,0.8438518821108437
1917Q3,3423722.398979881,19170814.042788327,576.6667611221309,294.392462453953,0.5602852628021648,103.53110075860369,0.8441972322269163
1917Q4,3389828.162209302,19171110.354069766,574.5078488372093,292.38953488372096,0.5613354272421501,105.26187075699717,0.8437305021425593
1918Q1,3790596.0067787417,19180215.654284164,532.4693600867679,274.13069414316703,0.5666649478327963,105.2329560914403,0.8457297363748811
1918Q2,3803981.3865965107,19180512.261423428,536.0432013292717,270.81944059817226,0.5586426228564115,99.66848203589102,0.8408816685851839
1918Q3,3880669.260322669,19180817.973748975,542.9770303527481,277.77385835384194,0.563640896715683,103.51251243601591,0.8420234606875404
1918Q4,3695928.918103448,19181117.95016164,508.52693965517244,263.82004310344826,0.5730972529762869,106.6935993098866,0.8434316033922065
1919Q1,3558311.527951868,19190214.75131612,544.9257959388318,268.4557533216345,0.5431753214059588,88.94188340117897,0.8298671567049541
1919Q2,3562039.4484547223,19190519.97730711,510.4503998271018,257.6609033931273,0.5553851936794875,93.29735715529529,0.8335277617285306
1919Q3,3687801.0207174374,19190814.277383465,510.37464032227126,258.13888356032993,0.5597934043359548,94.84380394263167,0.8347247392261633
1919Q4,3824293.26130978,19191110.227057304,551.1124515295131,273.8235674278328,0.5474631447827765,93.92100640385459,0.8344423608740016
1920Q1,3644764.4735751296,19200214.900725387,537.7633160621762,272.9214507772021,0.5556208589932099,96.41670537954063,0.8339319916990335
1920Q2,3642587.3857677905,19200512.729942836,524.4813719692489,266.9686575990538,0.557212803947803,95.91713534717421,0.8346031933821116
1920Q3,3690836.1652229032,19200818.8673146,524.3885484893302,270.3492499471794,0.5667482312975975,100.58899471168846,0.8402152307054362
1920Q4,3631487.9220755068,19201116.9475544,544.5183187651106,273.1240468662823,0.5511146626620267,94.01073807554243,0.8343614034950576
1921Q1,3689890.48795404,19210216.210526317,554.8230170496664,280.51352853965903,0.5562426736006122,98.45861758618399,0.8380838719326348
1921Q2,3670194.2051876844,19210506.48987769,557.3002952340785,299.7827920708562,0.5815741195558315,119.33087038405523,0.8526698142877863
1921Q3,3712849.1119791665,19210816.21375868,619.0779079861111,327.4748263888889,0.5791600158562434,125.27225579204485,0.8571783379752903
1921Q4,3740012.9440368894,19211122.82477468,571.5768182770908,295.8251938796898,0.5721898454922412,112.31386645324436,0.8490036026134176
1922Q1,3836585.0304703866,19220218.50009522,516.7636640639878,283.443725004761,0.6029317199343228,132.6579270943012,0.8577055254241681
1922Q2,3822139.9854179504,19220517.419387966,521.5378927911275,273.2897925652085,0.574027600811457,105.42400115533442,0.8451660088220477
1922Q3,3835341.309003951,19220812.434393845,574.1181118735703,301.708463297983,0.5747826233880493,115.102229665886,0.8561295784660313
1922Q4,3816885.7453923617,19221118.704161126,519.6102983089493,284.33079992399774,0.5994241462711918,129.29536802742788,0.8595764307232096
1923Q1,3796178.8818023507,19230217.608184587,611.6266869830214,311.71049194601653,0.555934701867898,107.83444757477987,0.8442392542466555
1923Q2,3723233.698259593,19230517.985112183,578.0188718808974,297.77773118054097,0.5593091284628018,106.91770361939044,0.8440017002672774
1923Q3,3826477.6821829854,19230819.473158553,516.5560906010344,277.21740681291243,0.585066798986812,121.26866377717342,0.8527540150798976
1923Q4,3762209.951809295,19231113.92351226,515.0893500257246,271.66523752358086,0.5747321807780491,112.44965773582452,0.8465306419240701
1924Q1,3835474.458481489,19240214.75632713,557.7552813218991,297.3001464128843,0.5853698819611439,125.06874780861556,0.8557133063873522
1924Q2,3816959.485000867,19240518.769897696,504.17860239292526,245.84376625628576,0.5337451721254212,83.85584266941576,0.8244729567735732
1924Q3,3840538.116781158,19240814.430487406,502.3218842001963,243.27428851815506,0.5331196820393451,83.52095344512169,0.823531422651351
1924Q4,3841648.8340149964,19241114.48653715,513.5492501704158,247.99659168370826,0.5308360323512629,81.81950173535839,0.8239006585629611
1925Q1,3703352.4770219075,19250214.249547027,488.6904957997035,237.82259924229945,0.5342969889538801,80.50867051225967,0.8220074089412518
1925Q2,3845622.061351761,19250517.21388842,474.8354963762009,236.49924153042306,0.545048963119196,85.79465447300522,0.8257246576426175
1925Q3,3765107.685012837,19250813.966302954,487.0998074454429,245.74823491655968,0.5491730167536142,89.1485771453447,0.8278067839640867
1925Q4,3790425.2272803346,19251117.42343096,491.9743933054393,245.7594979079498,0.547724477788828,87.80898449518769,0.8282718429598022
1926Q1,3878740.860931334,19260219.92296764,510.1837411207577,247.85256511444356,0.5327189619792251,81.96085998356901,0.8227574263740022
1926Q2,3865961.752616836,19260520.276131507,461.8295739348371,233.56774288662834,0.5532231653128445,90.73082059735275,0.8287569631066947
1926Q3,3809329.9905729857,19260814.613639712,492.38577110030934,240.2570334364413,0.5381230716890711,82.60107968588983,0.8242745036457066
1926Q4,3589416.6483688834,19261116.70781054,503.83469259723967,247.6198243412798,0.5409568499487981,84.28984767745533,0.8254002757924512
1927Q1,3739374.490805604,19270218.873321656,465.69673088149443,226.94395796847635,0.5360920053498545,78.51738315855461,0.8186155928036042
1927Q2,3822537.725350058,19270516.733080514,449.26458576429405,227.26633605600932,0.5512769265491321,86.56131334865384,0.8252846135202846
1927Q3,3839920.9110710532,19270814.321616344,474.9447198437735,236.49677031695958,0.5483702798952553,89.1598791176714,0.8290066817490486
1927Q4,3833294.0623525945,19271118.54481132,478.1512382075472,233.26341391509433,0.5355492082461927,80.90264944322715,0.8226253730300714
1928Q1,3801802.2623634273,19280220.649798736,481.2170787809086,237.88542265669926,0.5426508975252411,83.95679978417189,0.8244999810856262
1928Q2,3647469.1727990466,19280516.62535379,455.5036496350365,231.18203485773873,0.5580924079614538,88.76955886458052,0.8298748452247104
1928Q3,3729954.271155596,19280813.60464058,486.40021231422503,243.16348195329087,0.5508437972227408,87.76246745902469,0.8305971266575112
1928Q4,3714287.2629801603,19281118.51287463,479.64330941325454,235.044041086253,0.5404989511417265,82.78475238073551,0.8246753558379238
1929Q1,3858026.7085097064,19290211.934900016,475.99153408261566,237.56750839293534,0.5509345891687112,88.94996445071094,0.8288934637257455
1929Q2,3811756.5561565836,19290512.656512454,453.99003558718863,234.0229181494662,0.5625309645286128,93.80746031592905,0.834299005235747
1929Q3,3812331.596654785,19290812.82972306,462.2863997806416,238.07883191664382,0.565560516901767,97.82789485204815,0.8357876986848141
1929Q4,3863775.8590223137,19291115.104217723,447.26609054559526,249.23874629175802,0.6094294853191304,132.04162987429132,0.8547935249673382
1930Q1,3881391.6363758934,19300212.891061075,481.4621814749899,249.61857894027236,0.567599618201003,99.53770442895934,0.8382716129779639
1930Q2,3884194.0811431855,19300515.652448658,457.1608502082436,240.9047824213701,0.5763360503052302,104.07166134953226,0.8394927566188564
1930Q3,3883744.6155667356,19300811.183782183,506.0834566439775,250.61897010949986,0.5449424642510581,87.36670140574672,0.8309215987642918
1930Q4,3930755.510401189,19301112.80193165,478.1148588410104,247.15824665676078,0.5660557848972562,98.21323137366018,0.8373831351368753
1931Q1,3840764.464095745,19310214.74468085,460.9759160756501,244.90514184397162,0.583797508804012,106.5958041914285,0.8411837787158669
1931Q2,3688350.909898477,19310511.65339467,439.71240482233503,232.4733502538071,0.5749351467156362,97.89654286651778,0.8382751734442964
1931Q3,3901948.0811255556,19310814.033240087,471.0528221161757,244.92710218857988,0.5716669426298955,98.12103932711562,0.8405953907677857
1931Q4,3755621.555830881,19311115.169273656,453.763357596407,233.81492953383923,0.5643389478998658,91.79230205717225,0.8334990501848909
1932Q1,3908105.9866580935,19320230.022986658,427.7333226169426,224.30911429030704,0.5737340843412255,99.04419596936208,0.8344675386729675
1932Q2,3913924.6059554783,19320515.726944204,408.96256143394044,211.44275802254987,0.5615679112892574,87.90356549292429,0.8280192665393189
1932Q3,3887262.0380901997,19320816.138473745,405.9005422563153,214.5441079222325,0.572505319806994,93.97778529188147,0.8324776948080104
1932Q4,3923687.288425286,19321119.040090486,410.3184617318085,214.5489506095262,0.5670626825327305,92.49126689348113,0.8306756606956595
1933Q1,3884447.692556247,19330219.316299666,415.5921493537578,212.63774533269506,0.5585383218110892,88.90420817132662,0.8253045387658743
1933Q2,3913381.0379644586,19330517.365335796,404.6795522732518,207.14954996538196,0.5551684036636885,84.39807110879688,0.8239039061527086
1933Q3,3928341.277537058,19330818.934891675,432.79167616875714,221.56214367160774,0.5594849816271776,90.81536489530518,0.8297477546612967
1933Q4,3877623.332778702,19331116.411457095,414.22474447349657,222.46101735203231,0.5844234155308285,104.36313901111137,0.839840494173773
1934Q1,3937233.6603773586,19340213.682904515,422.15608919382504,212.77358490566039,0.5510629667683885,84.99843100279405,0.8234258788360025
1934Q2,3850494.30088899,19340514.266469114,401.1342603145658,211.94757237291998,0.5763835398710099,95.35361737386118,0.8333129892143155
1934Q3,3900403.80973607,19340815.050557185,425.08187683284456,216.18463343108505,0.554298315802979,86.92248466392671,0.8251444462721574
1934Q4,3887875.0218072147,19341118.35691915,421.6282333835982,219.89270386266094,0.5681142859363006,97.13694803683192,0.8315682305078538
1935Q1,3927094.7594465143,19350216.927301757,437.672166045769,215.62895156998403,0.53947248133108,80.40259551689066,0.8185970858311429
1935Q2,3851203.0045628184,19350518.382003397,426.0402164685908,213.794779286927,0.5442519627659959,81.6594848420671,0.8193557652552313
1935Q3,3851327.941693046,19350812.58766466,433.9382211783927,216.41059940774022,0.5422919459637797,82.70158088584714,0.8197798566938366
1935Q4,3763330.8279744396,19351115.064103864,420.17658991784157,213.81164418298002,0.5527658446611159,85.10082570246948,0.8223695633610628
1936Q1,3760650.374133253,19360213.225404482,433.97558034368404,219.3850869259371,0.550652036356303,84.0932559226476,0.8218734214054082
1936Q2,3749457.3244241425,19360518.183885705,411.0685197784041,207.43697152298571,0.545622358323496,80.237247790939,0.8170722964780527
1936Q3,3791565.8448631144,19360811.52222549,424.96212344225296,211.441762339319,0.5420030625182961,80.23520973616417,0.817921442447814
1936Q4,3848709.0917216428,19361114.67312194,439.988721004469,217.86848265588424,0.5411035392796002,80.78125934731574,0.8201717932027819
1937Q1,3749164.8481708607,19370216.696658913,412.34658490167055,206.57940367942481,0.5472985430183003,80.1272741859885,0.8186488658514697
1937Q2,3644972.266112733,19370510.514484618,419.4809117448911,210.4399281383337,0.5459392105251571,79.32623407930774,0.8195253132911002
1937Q3,3560082.713272421,19370815.79454196,412.73479201731186,207.84299110363068,0.546428594371394,78.77676759930516,0.8194890997297092
1937Q4,3820225.669187554,19371117.829624027,404.1543863439931,206.30585566119274,0.5533114447261152,81.51898299258174,0.8209437500955897
1938Q1,3645939.805529075,19380219.308441903,414.8689757440949,206.11577163436075,0.5415471670626486,77.1477464314533,0.8161366530260983
1938Q2,3733756.388700216,19380515.44149429,400.8467634043429,201.16815889677883,0.5448351669475919,76.70330730123105,0.8170479835506148
1938Q3,3851975.6745264404,19380815.164561957,409.5659037095501,203.78758879242304,0.5387977643959674,75.5648331874321,0.81452159502491
1938Q4,3767768.424062348,19381118.653287873,397.6523136872869,200.39025815879202,0.5464713531390637,77.96681157024703,0.8161945420955511
1939Q1,3808598.7300454923,19390216.93455335,419.27315963606287,209.50868486352357,0.5460915848022238,79.88690177142817,0.8189233538281719
1939Q2,3717414.118883249,19390516.84142132,419.4204060913706,210.80659898477157,0.5470421367324255,79.59055833691163,0.8188765928856536
1939Q3,3794907.7432339448,19390804.867316514,423.5842889908257,209.63165137614678,0.5398849756325506,77.29427445662206,0.8157295606998297
1939Q4,3717609.889619883,19391112.70774854,394.762865497076,199.30745614035087,0.5522044812459787,79.4763366766113,0.8186785538575141
1940Q1,3737827.3271305705,19400212.17967162,426.54057857701326,230.90336200156372,0.5907225340756606,106.49551767470149,0.8467162966337788
1940Q2,3696976.688840422,19400510.96528535,397.79443838604146,225.43238822246457,0.613689693355925,119.87716511408617,0.8559937346272646
1940Q3,3702910.691783415,19400809.634797424,406.3956834532374,228.88262021961378,0.6055845513713991,116.11442977731448,0.8533830431423436
1940Q4,3702965.444027641,19401114.218361303,420.56307996051333,238.77690029615005,0.6152398338628807,127.81684602413117,0.861087837230222
1941Q1,3814787.8705905667,19410215.57808165,424.30321046373365,236.935790725327,0.6026686803941069,116.5136660830544,0.8547330154196322
1941Q2,3737337.5736925513,19410516.284270998,411.27793185419966,233.55962757527735,0.6115486114612448,120.17857896741305,0.8572753645549747
1941Q3,3767397.674340728,19410816.588530768,433.7708246128087,244.87379656760152,0.6062022502439235,122.11318683847998,0.8581152643105587
1941Q4,3721493.3264003294,19411114.410420097,412.9868204283361,237.4771416803954,0.6163200301653831,131.3823562412902,0.8620954129456742
1942Q1,3666719.223201856,19420212.85475638,418.08700696055683,235.62250580046404,0.6055291944452369,119.85360934010293,0.8578089503417513
1942Q2,3539864.4584275307,19420517.959055513,411.92640040190906,234.13438834463702,0.6126749221182569,123.96903239630201,0.8606766680021984
1942Q3,3555089.9205882354,19420811.877205882,425.5433823529412,244.43823529411765,0.6259852098373674,143.13233109099346,0.8676916957759038
1942Q4,3559306.3977622376,19421110.18825175,380.82125874125876,230.98685314685315,0.6565182339832667,168.59391988320954,0.877486005629607
1943Q1,3800632.182103163,19430214.16443431,389.4499857509262,232.34055286406382,0.6459062124738849,156.07183497567658,0.8740212579449536
1943Q2,3810996.3864281657,19430514.791879613,400.5655877342419,236.1879613855764,0.634521668369031,146.38590562183853,0.8704990719421648
1943Q3,3760571.9500302845,19430815.071471836,409.4009691096305,239.79527559055117,0.6336435981494676,147.55543059069768,0.8702238856663123
1943Q4,3067066.7887554583,19431116.415393014,372.45387554585153,220.8755458515284,0.6352740391225612,140.2390208060923,0.8671379904549605
1944Q1,3530139.7466032607,19440221.69972826,317.8125,220.97554347826087,0.7395671220516327,248.21577680117733,0.9093347544565739
1944Q2,3580603.0976339406,19440513.66222464,411.8708186021213,244.97144411204786,0.6401343884736277,153.7564485208086,0.8757296206720134
1944Q3,3639367.097413793,19440815.345689654,409.55545977011496,244.73908045977012,0.6428810937944479,158.21750337120685,0.8769682257380202
1944Q4,3554548.9296415197,19441118.49812734,411.4266987693954,244.9151952915998,0.6432500410359331,156.89300653369818,0.8765447861628505
1945Q1,3478599.6615256355,19450213.687994998,394.95498124218426,211.39558149228844,0.5801570774175023,98.06921979726167,0.8370570753058897
1945Q2,3421958.7118746233,19450515.760096442,385.1834438416717,207.53767329716698,0.5793489753744333,94.46856415791487,0.8351702422268955
1945Q3,3218242.611329521,19450818.960864905,384.455146533238,205.24374553252323,0.5707272542767304,89.59872304957943,0.830460560492619
1945Q4,3348013.253156361,19451111.01424409,369.9146973130463,196.70896730333442,0.5714546544253347,89.41453792542619,0.8306601341444618
1946Q1,3222571.6170063247,19460213.599262122,382.10804638088547,204.07958538299368,0.5762060860607564,94.11411182748688,0.8322651604826115
1946Q2,3308457.8662593346,19460514.429735236,376.19263408010863,199.50543109300747,0.5729324640195161,89.71664090657222,0.8296974194156013
1946Q3,3340482.8693843596,19460812.026788685,379.9124792013311,202.11114808652246,0.5718151721742404,90.56191139329324,0.8310725936447569
1946Q4,3121436.4994090833,19461113.957453992,374.77764646294105,199.945297990883,0.5744862379114698,91.10700343774653,0.8309458490571654
1947Q1,3667950.993723426,19470215.260781534,410.1401093338732,246.25531484106094,0.6470902062071862,166.10708527062064,0.8773219901187168
1947Q2,3555594.412194653,19470516.126178112,384.8503558376611,238.93979611463743,0.6649843707107158,179.99429914779844,0.8840521003396536
1947Q3,3642415.2090163934,19470818.280737706,392.96089480874315,239.94928278688525,0.6549747137299481,171.60812643079282,0.878570745886235
1947Q4,3697741.895519836,19471114.37739398,408.79616963064296,243.89466484268127,0.6416548822253352,158.26507138519125,0.8734327496685482
1948Q1,3251122.077781221,19480212.812829252,385.04214440656955,207.01270529903937,0.5820559888904238,96.74283427670841,0.8354939463473481
1948Q2,3219758.7803322454,19480516.90106793,366.39646989024027,198.3992880450905,0.5822066709472988,92.88047872480749,0.8333848490797079
1948Q3,3428986.1585626695,19480813.376728933,373.82546698987596,202.9054612861828,0.5876462892028725,98.93724635727501,0.8367150967198619
1948Q4,3263247.1621421156,19481117.852544133,394.3406022845275,210.19641002818574,0.5809389132274266,97.27054008969822,0.8370120838758921
1949Q1,3322685.309992487,19490214.150112696,374.7532682193839,203.72336589030803,0.5886859631189116,101.56137717890476,0.8387411902990238
1949Q2,3334786.3958455236,19490518.086161498,370.70918665886484,201.6541837331773,0.5849185809563034,97.37948758307682,0.8369284723228799
1949Q3,3213659.1997555676,19490813.982210755,375.6598316132537,200.9535578489951,0.5781827055277232,94.30961571783887,0.8336439145021589
1949Q4,3343938.9092827006,19491116.899578057,372.0862165963432,203.82601969057666,0.5898630664936871,102.29572963757022,0.8384176620083277
1950Q1,3459638.6940196822,19500210.9341408,379.2333080999243,204.31506434519304,0.5830174244464094,99.37190537490348,0.8363882790862818
1950Q2,3235803.9567141472,19500515.56188632,370.5046328308671,200.4489005670032,0.5834343257745123,96.75306437459419,0.8361895788248628
1950Q3,3278151.9452827713,19500813.10208634,379.02191313475925,201.56921663823644,0.5750091517801702,93.32066697341612,0.8335287268286935
1950Q4,3402257.579886328,19501111.83722766,376.309441111462,207.7800757814967,0.5928319949168389,104.3034901473922,0.8419427230577907
1951Q1,3565008.5724581224,19510215.822555512,379.39968835216206,208.2169848071679,0.5907337359453037,105.30958181275248,0.8421899109837255
1951Q2,3490292.695331205,19510517.25,367.8978451715882,202.2108938547486,0.5890155012451478,102.14035500532759,0.8402031942119866
1951Q3,3478326.083096591,19510808.253551137,347.33149857954544,191.57368607954547,0.597585292232628,106.11799738448936,0.8401109769420091
1951Q4,3558548.581064163,19511122.193896715,346.9668231611894,194.9943661971831,0.6057416843461247,113.22801096859168,0.8432938127088478
1952Q1,3441099.05106248,19520216.028544243,359.84792261338407,196.30669203932763,0.5892361196206476,101.11961176566041,0.8356608314425935
1952Q2,3436462.9074569223,19520513.638740346,365.52644087938205,196.55228758169935,0.5803915662003195,94.6470611234863,0.8341475188742153
1952Q3,3426939.998419805,19520816.134843297,368.33737160916513,199.05978404003162,0.5857744217139289,99.45290712585809,0.8362412169925947
1952Q4,3387353.105412403,19521118.904697325,374.4871162618666,201.32326470225618,0.5869288156984162,101.74657892044196,0.8385213607703437
1953Q1,3368691.8809302323,19530217.703023255,374.10267441860464,201.89476744186047,0.5851726557089588,100.56257797236393,0.8376012948348773
1953Q2,3577282.7829994587,19530514.183432594,377.84103952355173,204.81364374661612,0.5875797092844185,103.15366193501534,0.8394701987113438
1953Q3,3286467.7692857143,19530817.910204083,376.32367346938776,199.97102040816327,0.5788559036943629,96.42571962757977,0.8346156521761015
1953Q4,3468890.630252979,19531114.461739495,367.8757056240853,195.74367551745766,0.5769205202590693,93.5690046452157,0.8331867330230572
1954Q1,3527680.199939012,19540217.08934743,373.6544013010774,196.5645456393576,0.5722992826671328,92.0849272978982,0.8324322083202131
1954Q2,3583202.868954758,19540516.34652886,365.73235179407175,193.92228939157567,0.5768668564356707,93.76033822048322,0.8332677215704563
1954Q3,3460613.3885607403,19540810.40667454,365.7969088403229,196.22642252411893,0.5828852444462442,98.77141626926063,0.8354808058689982
1954Q4,3557218.744972578,19541115.594251473,372.43581149705466,194.84491163924437,0.5709356025459817,90.43718656169301,0.8296724755350445
1955Q1,3768784.7513105473,19550215.999370936,361.8559446424827,195.04917173411616,0.5855627602416945,98.22289817766223,0.8350531514107863
1955Q2,3423217.444466862,19550515.675476648,359.96660950267324,190.69353374356905,0.574350489194059,91.23818942948039,0.8311797158946235
1955Q3,3454470.2334642103,19550814.662136313,363.15675022651766,190.93053458169737,0.5716524789804682,89.93668308549975,0.8305535353520354
1955Q4,3471530.365048344,19551113.4263526,362.68432421312485,190.2100390866077,0.570757359663805,90.37890653631196,0.8287119194509774
1956Q1,3332097.0389861455,19560215.321018152,366.9117173235957,190.48136612608744,0.5674739034386206,87.41896610956223,0.8275126454038022
1956Q2,3503590.8626511274,19560517.17492648,362.2528047053698,192.8155974294739,0.5782398237180515,94.98846833351058,0.8331258600618698
1956Q3,3539859.775355349,19560813.178476006,368.3631505824516,192.6036122688896,0.5717175758521107,90.63824179308365,0.8303900792412697
1956Q4,3623202.8036581236,19561115.464378458,381.83741673252797,197.15411538895788,0.5690717763628826,91.65258023283639,0.830080434514407
1957Q1,3773281.5654871324,19570216.460363053,377.85110294117646,195.98782169117646,0.5697281696822528,91.7747840800437,0.831341648325521
1957Q2,3689003.9814772983,19570514.13982381,379.18974474813643,196.60673142082675,0.5683694355103817,91.19878972101567,0.8308014188765264
1957Q3,3630397.3096629214,19570813.24191011,369.1756179775281,189.95078651685392,0.5660939877253709,88.201008493726,0.8270491817491967
1957Q4,3542120.7049199906,19571114.93455935,381.21877239073325,195.74301409123478,0.566133468734189,89.91062897402729,0.8287545782190434
1958Q1,3547555.9100921554,19580214.796808273,376.12834344796585,195.99055967633177,0.5694158711190537,91.01497814964337,0.8311505063317755
1958Q2,3471844.6781845135,19580514.927585814,377.31120994412134,196.78823126924394,0.5709428523670486,91.18801579949194,0.8324009909257031
1958Q3,3543111.230515417,19580812.826715212,389.67447946296505,200.76629878256912,0.5650550094100246,91.25397496269117,0.8315512071263443
1958Q4,3662647.3214761526,19581113.85038636,375.5771382893685,197.06461497468692,0.5732239647965472,94.16014904566984,0.8347395790915123
1959Q1,3736675.7880965294,19590217.85371475,384.11645878524945,200.69116052060738,0.5706993881864657,93.60243473250708,0.8343706570218303
1959Q2,3553701.4825067734,19590522.96948993,387.15584874543526,200.71728118741902,0.5669577868170715,90.92498501619811,0.8330534377422022
1959Q3,3437716.945654776,19590812.130237013,391.0047881254489,200.96911659085467,0.5620631198000972,89.56897514879009,0.8311450456365109
1959Q4,3551801.3495482113,19591115.84589677,391.45921524941207,203.458720138631,0.5700838688795494,93.75312229310376,0.8344931533100897
1960Q1,3616318.6443788502,19600216.153234087,406.96380903490757,208.78413757700204,0.5658219274861105,93.14402705738013,0.8343247878372259
1960Q2,3777733.6835651076,19600515.44310999,389.56738305941843,203.71188369152972,0.5705490495864921,94.13141236522681,0.8345354348956217
1960Q3,3626723.3269918286,19600813.93769152,395.66815628192035,205.38508682328907,0.5699009379543102,94.65615493103849,0.8340416767054192
1960Q4,3608275.920639044,19601117.298869982,380.4291466424211,200.30068840109104,0.5728040806112744,94.98354971809786,0.8341663931522763
1961Q1,3814453.6177543574,19610215.80272936,385.65301986218077,202.0182407782732,0.570339427507412,93.44075876309435,0.8342264162046001
1961Q2,3732955.809555585,19610516.768984385,387.19631656212465,202.55024689710396,0.5729523154501325,94.64363632428864,0.8355977498230179
1961Q3,3777256.1612903224,19610813.81159234,377.4013622927644,199.64336203572805,0.5774098311634053,96.60957510441989,0.8368745965762558
1961Q4,3700188.0221001534,19611114.273505364,379.5615738375064,201.41670924885028,0.5792347344834866,98.15549402187213,0.837977867729485
1962Q1,3426938.056176748,19620215.49063721,374.9432843863667,200.3495891149131,0.583784186752127,100.28558488007954,0.8399026238703974
1962Q2,3477382.5129355863,19620514.762143612,372.75118796198524,199.16050686378037,0.5823859647007367,98.28110121125115,0.8385039944721311
1962Q3,3644273.1962415283,19620803.43099199,344.8122304374615,200.2535428219347,0.6289985876259646,133.0763604258349,0.8560469804137322
1962Q4,3575187.329230769,19621126.88761905,348.48131868131867,195.73875457875457,0.6088489494276809,113.5527821343478,0.8493621072266
1963Q1,3507994.446028785,19630212.83728678,350.3975213219616,193.06316631130065,0.5965504750053301,104.38537814631019,0.8421668622895196
1963Q2,3632157.88434238,19630517.354488518,356.44940848990956,194.4926931106472,0.592584653892488,104.42702922601983,0.8418236042023969
1963Q3,3534941.241563055,19630815.63410302,348.5914742451155,194.67495559502663,0.605360038248205,114.36656630895571,0.8472060473556966
1963Q4,3505021.3223107033,19631117.205695774,344.8388446484006,188.25630989337293,0.5895455426210856,99.46928879700211,0.8365338270563145
1964Q1,3517301.74408544,19640216.36717588,366.5627957279978,197.4016493172908,0.5887545663850482,103.14249500516797,0.8400763137513684
1964Q2,3668043.8297811877,19640513.906649616,361.44117647058823,199.24211423699916,0.6008268776027974,112.64024047731796,0.8463604910794176
1964Q3,3437595.3765107724,19640815.05451918,361.09629532317393,196.41382028376248,0.5904738371554425,106.228057683478,0.8409144865125743
1964Q4,3427953.431413613,19641117.207068063,354.89895287958115,198.07068062827224,0.6044079384281783,113.17769098411041,0.8468788728645728
1965Q1,3539185.9025118807,19650216.875220638,358.5122878479294,199.62715546503733,0.6019452134995489,113.3519267325151,0.8462712854663912
1965Q2,3522852.556819721,19650514.723960448,340.4457537586347,203.13774888256808,0.6435176659769801,146.1125303626132,0.8652757790933487
1965Q3,3581912.844841483,19650812.022568513,357.32012358946804,198.09081139172488,0.599212053905643,110.8456635875936,0.8456819041716742
1965Q4,3553584.911364872,19651114.770391516,343.0099238716694,203.8863512778684,0.6410184060077221,145.0525721089537,0.8632754733120853
1966Q1,3727786.8620165745,19660218.229972377,364.1301104972376,202.34074585635358,0.6030006068526192,113.73704261585112,0.8473521754661502
1966Q2,3741665.7523457115,19660515.447997887,354.94119201797275,197.01955860975286,0.6017390453669752,109.36859760361811,0.8450052488835679
1966Q3,3773775.88997555,19660813.998098344,355.0190165715838,200.66680249932082,0.612457548527863,119.41534145177384,0.8500742124460839
1966Q4,3801830.3723727693,19661117.03846662,354.2734963648381,199.75188367481823,0.6107695198320998,119.13906494784285,0.8499404545565272
1967Q1,3485518.1561943525,19670150.172983974,370.8214194861358,202.16586110404478,0.5912088758683236,106.57732689536786,0.8441716324008495
1967Q2,3570264.710581732,19670515.526585944,387.9580152671756,206.64569623585155,0.5806350587909114,101.0419071560639,0.8396272857930981
1967Q3,3460862.5476961397,19670815.40734745,382.97073474470733,205.18094645080947,0.5820049463154667,102.11446488502834,0.839165804984192
1967Q4,3484107.3227065713,19671116.087963566,383.00793754066365,208.0078074170462,0.5919069651973825,107.90484931578266,0.8431608538483155
1968Q1,3222983.975582957,19680222.320351604,385.60090343059454,207.73776095714808,0.5874033589140644,103.29891778452414,0.8397956329643456
1968Q2,3487354.7248437307,19680513.745924745,393.02095845079054,210.2133839931364,0.5802642876942109,100.08445069696631,0.8391747534939458
1968Q3,3229524.1674311925,19680757.3470948,373.6651376146789,200.39564220183487,0.5823268235513018,101.09626442345773,0.8381427140345119
1968Q4,3404757.8208536585,19681120.46,370.63451219512194,204.8968292682927,0.6016004662362835,113.36123791341139,0.8470476688289785
1969Q1,3573694.1603541565,19690216.173757993,417.2074520413183,222.90113133300542,0.5849392430069373,111.791154065306,0.8450156485435404
1969Q2,3818304.7646427294,19690513.83037099,415.34045091256115,218.82548013837527,0.5742085951937654,102.67658440426577,0.8401342911047116
1969Q3,3520728.668361916,19690814.777646363,403.23015966883503,217.31212300413955,0.5885940252351943,112.23668865186985,0.8461825449368077
1969Q4,3351461.8712000977,19691116.285923574,411.9951165913808,217.69136857526553,0.5794281951181277,104.87777697118179,0.8411033195721351
1970Q1,3366010.5583950933,19700215.096089955,399.48338870431894,211.528750319448,0.5789846145415265,102.76257238716923,0.8390517628564133
1970Q2,3422792.3715584744,19700514.187673654,391.2991917150796,211.41980298055066,0.5911013709646143,110.16287835528593,0.8447625776378446
1970Q3,3496636.8665125333,19700814.571306888,398.9800438062789,209.2072280360185,0.5715478609257693,97.70393563236867,0.8365033017200365
1970Q4,3438387.4805337903,19701118.574804112,402.7295543584721,214.13467189030362,0.5799629260731775,104.07463955800227,0.8411269504494584
1971Q1,3390053.524903739,19710219.677182958,411.3691466898522,217.16979257235127,0.577847189237074,103.81949577449426,0.8410216273449265
1971Q2,3521292.5819028937,19710520.306032367,398.60127513487004,215.11120647376165,0.5871784074496714,109.35294174991887,0.8439847765266768
1971Q3,3480513.9549815496,19710807.845387455,393.2610086100861,210.35276752767527,0.5809846530796378,102.51774291768224,0.8403096114871019
1971Q4,3418498.2426301106,19711118.963969428,387.81390270532575,208.40907436612883,0.5839181072100007,102.84307963903757,0.8416167585545442
1972Q1,3397541.450384567,19720220.22784012,383.85222544445844,218.96784768629428,0.6194446061299758,136.60507770476352,0.8559459983143848
1972Q2,3419043.428071592,19720511.287713632,377.05826941192305,216.53411384739604,0.6233333364438942,135.42796109860643,0.8564902608015132
1972Q3,3394915.3234303584,19720817.40522011,396.47666586480636,211.03993264373347,0.5804897475436224,100.01004319113213,0.8394469473443052
1972Q4,3390546.808126411,19721118.520613045,385.20399192111205,208.25971248663419,0.5873737545659042,104.8302767788763,0.8420424442628283
1973Q1,3432267.642655845,19730219.65607034,381.4702964716492,207.11024687182956,0.5900524955178251,106.36027742300341,0.841721672502451
1973Q2,3727653.057473955,19730512.618283976,383.6809083460143,209.24803933044598,0.5910888341346959,106.48145510077367,0.8429528726199405
1973Q3,3797339.2868079287,19730812.487491455,367.99234449760763,214.67532467532467,0.6281747175425662,136.0730721254887,0.8583780691756414
1973Q4,3579822.9712275215,19731110.919781078,356.57498045347927,213.0636434714621,0.6447587822867935,149.0116081777216,0.8662029053507565
1974Q1,3529972.687729135,19740215.088419236,340.49040327798144,210.97110200560707,0.6722167919996239,174.99451016340782,0.877556223918033
1974Q2,3452515.2556433408,19740521.408954103,370.9740406320542,211.2887509405568,0.616019331826372,124.02224302156527,0.8520614031828943
1974Q3,3578577.9179585436,19740816.468559485,377.27364570632295,207.3394878940951,0.5942838885834053,108.36599657050422,0.844463290871408
1974Q4,3398751.9715229706,19741118.817180615,377.4594084329767,209.09046570169917,0.5995970962212694,110.96945851991148,0.8458470417111861
1975Q1,3371939.62088429,19750219.62684227,379.92975854499844,207.8963624960803,0.5927417631540972,106.18126914273769,0.8419195487338528
1975Q2,3468913.2522984175,19750512.195026375,386.4177844762622,211.30444611906557,0.5936028919388874,109.30269534098059,0.8436431960019415
1975Q3,3318628.143718127,19750814.444753516,382.0788131664349,206.56900015453562,0.5860750805418945,100.32369860131165,0.8402777658925091
1975Q4,3200456.612406063,19751119.14558655,378.07998981021524,209.46465418418035,0.5973197014764777,108.60732213817124,0.8450480691136908
1976Q1,3382623.3467968437,19760217.697739735,400.63916009094555,218.5721546074629,0.5902009130181212,108.35518111512094,0.8445209344145141
1976Q2,3452113.439574859,19760515.275029525,392.0104973100643,210.94226479464638,0.58099627943524,100.29797098160367,0.8403713273819453
1976Q3,3481618.62855338,19760812.41895136,378.58761844598865,204.71408717624763,0.5833378780665778,100.55534829139083,0.8390846675682853
1976Q4,3305100.9782832176,19761118.189796966,409.9794397327165,218.95900796710356,0.5778861555219045,101.87182638202518,0.842153211387595
1977Q1,3277386.8372281506,19770213.871808726,413.04079427259217,217.62879913548562,0.570692922646906,98.19951411844566,0.837809333462549
1977Q2,3261586.8776765936,19770515.215481173,410.3530642382476,215.08749692345557,0.567645222389486,96.71839831221173,0.8350321770979895
1977Q3,3448116.1637911205,19770821.5942029,397.5427881297447,210.522659305268,0.5726307463967998,99.82285830971159,0.8377358359777972
1977Q4,3430642.096821696,19771116.944164928,400.6284206651123,216.05534421401399,0.583827536358381,106.75526981928998,0.8427724612540693
1978Q1,3431137.2918282906,19780220.928626843,400.80462891130077,213.30036203775538,0.578363316384017,103.04554919989798,0.8396683351477691
1978Q2,3208218.9751986517,19780516.002407897,398.18781603660005,211.95292559595472,0.5750210802776431,99.58019787335901,0.8378844989773332
1978Q3,3500682.6456281883,19780813.79238344,390.18222802230395,209.47763673033575,0.579525962690208,102.05408195904387,0.8389514127512552
1978Q4,3506805.923688583,19781112.93104676,385.5434369807738,209.90790410633753,0.587869293613469,106.61251742357368,0.8427180099111563
1979Q1,3421276.3305459325,19790214.920678534,389.96894038943975,211.96846254927726,0.5876305083111732,107.0642637535678,0.8436018026160201
1979Q2,3438762.3500914075,19790491.531383302,386.92443631931746,209.8162705667276,0.5858241140581848,105.96641425279594,0.8415831508881786
1979Q3,3343689.290519878,19790895.374617737,415.3067278287462,221.42018348623853,0.5752595249500031,102.56472027920722,0.8402923900354904
1979Q4,3424454.1468077432,19791113.365155704,400.34796200553086,218.93579415654682,0.5880692693797628,110.00902603329445,0.8450896440976987
1980Q1,3346608.92337963,19800217.094675925,378.4484953703704,206.36921296296296,0.5865928668104311,104.3890068758247,0.8409693034643251
1980Q2,3419821.759358943,19800516.030217763,384.8826767800343,211.57695130902863,0.5929011137746972,109.52985674627803,0.844210860516101
1980Q3,3593378.326540065,19800813.62239463,380.51181102362204,211.73633626679018,0.5989921684541095,113.92802291774838,0.8465034981238146
1980Q4,3665456.2099056602,19801117.3725292,376.02145103324347,207.74853998203054,0.5940295703952003,109.74571244822039,0.8447540307699243
1981Q1,3577053.1233120114,19810217.146884624,394.61916607438997,217.8200663349917,0.5952966568483377,113.5889890894493,0.8472662641583472
1981Q2,3412222.6424076934,19810515.37908109,397.73964145791285,218.56535676124895,0.5919111439219629,113.17642189756982,0.8469240798946561
1981Q3,3574564.8485324313,19810814.10339413,371.1579900954222,210.03273342191085,0.6097556944830295,120.70385291869205,0.8506425373846035
1981Q4,3553484.6316732354,19811118.58855846,388.20100322465066,214.05350531470202,0.5957891567000522,112.84104658907174,0.8463742037406423
1982Q1,3531453.096955224,19820220.760119405,391.0568358208955,213.94423880597014,0.5927951934046807,111.40922068672376,0.845820274042
1982Q2,3325432.0955890957,19820515.10904411,403.9095589095589,220.52474552474553,0.5911207994273112,111.3888856308647,0.8466131809139081
1982Q3,3588644.7365690996,19820814.38989749,378.14585649005807,212.3707546004693,0.6074993700827052,120.25515365583784,0.8502552787346871
1982Q4,3537155.8007242274,19821114.905850403,393.19044924748215,217.57768473463844,0.5980367385203628,114.46821836397436,0.8492797402645658
1983Q1,3432351.692,19830215.184848484,397.6910303030303,218.64630303030302,0.5953385205341006,114.02208595245004,0.8472326494105596
1983Q2,3665024.950892322,19830515.063241106,410.2619475386274,221.56641513953767,0.5869212051588054,108.22086207043266,0.8455272901060737
1983Q3,3590718.664516129,19830811.644105572,403.24375366568916,217.1758357771261,0.586279881069493,108.99624536485341,0.8441775020477106
1983Q4,3437306.6623714534,19831116.08016355,419.4163052905464,228.64936191302192,0.5921578231924879,114.69094862687977,0.8488516283948387
1984Q1,3936081.416604524,19840215.435495898,413.7500621426796,225.87596321153367,0.5933685470821795,115.29591833939112,0.8495245026543391
1984Q2,3888590.94326585,19840521.872226935,392.52879136865073,219.44720572190568,0.6082974325137435,124.78477338001946,0.8534587523271532
1984Q3,3893394.4355776347,19840815.613782898,388.2292569495825,211.67741253567277,0.5918996912355539,111.64157121000919,0.84390277544306
1984Q4,3868513.8944645007,19841113.36847172,419.77412755716006,225.6509025270758,0.5882921102806921,111.60520539574051,0.846747642931929
1985Q1,3848203.525009402,19850215.211483013,407.60699511094396,228.09652751661025,0.6106236026592392,129.92018248174122,0.8552756675952825
1985Q2,3864500.403383214,19850514.858555626,416.2972023422251,229.66480156148342,0.598819289337328,121.66900412103855,0.8516637890793356
1985Q3,3927347.503915191,19850814.907842427,409.5514998192989,221.97289483194797,0.5864944784896949,112.37083615891022,0.8461031015919512
1985Q4,3853133.1488110456,19851113.926361546,396.92738430069033,219.8818716440808,0.6021144804141886,121.62365610246316,0.8511068751918142
1986Q1,3832363.7115503396,19860218.289561458,401.6623841877702,218.12983323038912,0.5897220553045606,113.05399898604753,0.8465611317208428
1986Q2,3815571.438306157,19860522.63835483,396.41567291311753,213.1306887320516,0.5825036858860234,106.7200720443007,0.8423673052426688
1986Q3,3848290.1636425494,19860814.94715355,402.2056021773645,215.1392606033114,0.5810239166541555,106.97884619066902,0.8415215400742634
1986Q4,3922178.8049697937,19861118.984953836,410.5652570386413,217.86196284053347,0.5796672983001857,107.21027493562195,0.842026579482051
1987Q1,3854888.051857501,19870214.092384793,417.33162653883863,219.3787994334895,0.574714390244113,105.57826483874862,0.840248763927154
1987Q2,3890030.7720156554,19870513.991737336,425.66427484235703,221.36040443574691,0.5702337669955015,103.82222359195922,0.839822978550632
1987Q3,3929144.3263575872,19870812.589182228,407.34857265507617,217.5231809401159,0.5816665317095483,110.68410559088758,0.8418522306871776
1987Q4,3925241.198623402,19871116.59764012,395.9029498525074,216.0928220255654,0.5941351704551608,119.83035600001122,0.8469353996111356
1988Q1,3849244.3893398847,19880214.502777185,418.87417218543044,219.30655842768638,0.5694584893151055,104.18323584152373,0.8386045887524461
1988Q2,3860119.2119369367,19880515.905518018,416.9875,219.87060810810812,0.5724144682827282,107.24549853958543,0.8405725536328036
1988Q3,3740536.098620454,19880811.111275796,407.3397560141375,215.14718960209782,0.5728636856883924,105.46294548431578,0.8382132224930189
1988Q4,3845375.813620912,19881120.001289416,416.3613878794983,222.5698042433478,0.5827914131183721,112.2913986643785,0.8433739860683114
1989Q1,3850777.598537005,19890219.244298622,420.2165447504303,223.5506669535284,0.5758839046367922,111.27452383894104,0.8417545177401548
1989Q2,3888541.9004392386,19890516.34783518,413.3296381510144,221.03628947918847,0.5785591403111802,112.51018772567973,0.8418330389650448
1989Q3,3927505.035424992,19890815.73820067,422.19980559455666,224.61637325845123,0.5777924178044481,113.31342314631678,0.8421742771040039
1989Q4,3858065.081256656,19891115.76198083,414.6072417465389,224.30223642172524,0.5874693454572176,118.20768232637842,0.8452975331379731
1990Q1,3853456.7576902886,19900218.152125984,414.8597375328084,222.47160104986875,0.5790487490419812,114.31279010445415,0.8419108446211342
1990Q2,3974869.5527038444,19900516.79626109,434.8252006759611,228.819391634981,0.5698225875691086,111.25092392807055,0.8402830148828011
1990Q3,3731611.8142478657,19900814.256893337,432.5385143754293,226.34854283191052,0.5657605452683462,109.43497490815462,0.8393104900352149
1990Q4,3876680.959243946,19901119.21264028,443.60267769245917,230.99556999409333,0.5648881346173957,107.47865697495274,0.8396182576000313
1991Q1,3805944.052636979,19910215.083316233,452.14128873383953,235.9511594500308,0.5666346191593046,111.05069045839674,0.8410753703995042
1991Q2,3727915.565000509,19910515.056296445,456.6722997047745,238.03970273847094,0.5666198647186674,112.32900263947019,0.8417963538945409
1991Q3,3756579.2285598293,19910814.284075916,435.2378970871816,234.1720288237085,0.5842468870525125,123.94510350963053,0.8461478996576994
1991Q4,3814755.3708294597,19911114.58227456,443.84505732878836,234.09720070240678,0.5748483943476349,114.33578135732621,0.8431785284213894
1992Q1,3765659.8635658915,19920216.81250646,437.7157622739018,229.72713178294575,0.5710262673163679,109.94550783907773,0.8411884800139613
1992Q2,3872115.7306924453,19920516.373752233,435.29683723862564,229.45560575811706,0.5727801276211056,111.0468224358255,0.8414362334292498
1992Q3,3798338.147583489,19920811.5369218,429.10060153495124,227.6152250570421,0.5727074312154302,111.5693718222241,0.841442667830484
1992Q4,3754304.9495131243,19921117.026883997,436.74566045723964,230.5320702794242,0.5729421796560905,110.1360585792967,0.8423165533756599
1993Q1,3378819.9394665216,19930218.75111595,445.76995100707677,233.913228089276,0.5681196430706064,108.08762390584468,0.8419159621319583
1993Q2,3516447.6951498855,19930515.739866547,430.3569365601036,225.5675729509013,0.5678238587820174,105.26170125259983,0.839917670183313
1993Q3,3410028.744827586,19930811.03678161,434.319644723093,228.20397074190177,0.5686093298205999,106.83131575155355,0.839943084363854
1993Q4,3432570.9296703297,19931119.738351647,429.6065934065934,226.380989010989,0.5698623424090422,105.08741425414256,0.8393462018628709
1994Q1,3515522.202377196,19940217.867255706,432.80561691385293,228.28421163353318,0.5689093656652601,106.88397088519798,0.8410351341051922
1994Q2,3482065.845886916,19940516.31455399,431.1640130638906,226.24341702388242,0.5667964710503933,104.0471275069032,0.8400975370350343
1994Q3,3366002.0282083075,19940813.204691052,431.8250671626369,227.97179169249844,0.5692215007370732,107.38513081943864,0.8423574725766023
1994Q4,3463178.3957497994,19941117.016740177,436.19587008821173,230.87870890136327,0.5711688246078234,109.0646316903216,0.8446558957455232
1995Q1,3499244.920869738,19950219.619539317,450.3695393169182,237.69469817315328,0.5689955528561772,110.4776553757891,0.8467250032444577
1995Q2,3479294.4409955,19950516.12305997,446.1955184130774,236.39820001836716,0.5689401200525125,111.5529889208763,0.8473987456128165
1995Q3,3640359.492751061,19950817.672294907,448.6806930693069,237.43909123055164,0.5673988660126608,111.66880900501492,0.848004302466065
1995Q4,3651713.5493222275,19951115.620937448,448.94577821329415,238.33537481626652,0.5684374551644029,113.49199554940375,0.8496055690325012
1996Q1,3469936.3118444406,19960215.688316926,442.1798450863321,235.25141197353557,0.5694406556133641,114.97259736746803,0.8487075663466676
1996Q2,3535309.1510224193,19960515.16629712,448.16112342941614,237.62191015849552,0.5678779486054554,112.70880462167831,0.8480872904345133
1996Q3,3596915.093555748,19960811.1603588,443.8496341175545,237.00369816665355,0.5702341304891172,113.66739712051034,0.8491420040639999
1996Q4,3704826.3409179766,19961112.88998358,442.18789584799435,236.45812807881774,0.570445436997506,111.39114189709412,0.84888564244082
1997Q1,3678942.105171844,19970216.470918704,435.26429279577,233.57576007931263,0.5718594623064417,113.38426962418511,0.8487357809871741
1997Q2,3787680.9759673155,19970518.506128334,432.72666826884563,231.32380036850117,0.569600662312193,112.6091388775727,0.8473731366530202
1997Q3,3815822.548593156,19970814.602205325,431.23041825095055,232.18053231939163,0.5735120807106446,115.28336858790736,0.8487004481537056
1997Q4,3717925.4245242216,19971115.990989044,423.99567474048445,228.57425028835064,0.5716240862528884,113.09371811355567,0.8483503606762112
1998Q1,3677286.6009246144,19980215.694579076,433.6352993811051,231.76772798449034,0.5706887408502982,112.48148981598699,0.8495909679143042
1998Q2,3825576.6776959854,19980516.107991196,435.9112089246414,233.66077255824544,0.5711299487856911,113.48876067756507,0.8491716296823746
1998Q3,3694690.5472279997,19980816.495947786,432.50935953525067,232.5002510220182,0.5720909954635927,113.54366220379524,0.8489151105103413
1998Q4,3742882.4873366314,19981116.597135052,440.45669349479437,237.01498929336188,0.5713972558496231,115.24950098961286,0.8509956069168366
1999Q1,3810391.0564850457,19990216.17722831,439.61385845424934,238.47978975421972,0.5755787087679861,120.38063455145969,0.8535699295698462
1999Q2,3829483.94029002,19990518.468510095,428.49829400056865,232.7753767415411,0.5772686791792354,120.86079207665057,0.8545094191643928
1999Q3,3934824.4109860114,19990815.21453429,422.2587512794268,230.43978164448993,0.5791230335873446,118.27674977416302,0.8532943526412966
1999Q4,3866301.105168849,19991115.99965541,430.77146795313575,234.62674017918675,0.577429064609303,119.0537988834637,0.8544234781385507
2000Q1,3928175.760455212,20000215.167772114,422.3171821545765,230.96620819660686,0.5805148619025685,118.7670589643389,0.8548579822605197
2000Q2,3880938.515956679,20000515.690252706,425.51660649819496,232.87003610108303,0.5810278263792046,121.03025885823575,0.8564872242998663
2000Q3,3944604.893808872,20000809.00684325,419.41582803316965,230.565896465663,0.5836864493336567,123.2929388319088,0.8562934195216807
2000Q4,3872957.994536452,20001114.906351373,411.15110124637187,226.92846166979683,0.5879592454705186,124.43308488156032,0.8575734787817931
2001Q1,3815917.778526316,20010215.60522105,414.87225263157893,227.97246315789474,0.5861037351069461,121.31927830370955,0.8575014612426691
2001Q2,3868357.007734722,20010516.132256087,410.19635472507275,226.1756777454434,0.5866066042740611,122.5846861363428,0.857155620058154
2001Q3,3740911.2364114793,20010815.106487952,418.1936518378423,230.94112326288956,0.5876878394649474,125.62671263108163,0.8590043468711881
2001Q4,3906617.1182273976,20011114.620572537,418.59566553453016,231.5736697396086,0.5879679246557459,125.7537042112307,0.859528274152218
2002Q1,3748007.8243645327,20020214.02006291,404.4833800901131,224.4952818158633,0.5902668927074024,125.30024105005857,0.8588075964464096
2002Q2,3768763.5417192285,20020516.25301856,385.74725175707334,216.75455036943595,0.5980021044004348,125.64909989375812,0.8602156303997709
2002Q3,3747744.1294393367,20020814.14494321,375.1075356048314,211.47566252028125,0.6011840666593702,124.1120414049806,0.8598647079282447
2002Q4,3713281.988290807,20021114.8832576,376.7927298147501,213.10634393568682,0.6028075713570628,127.24493967289649,0.8610008492601413
2003Q1,3724369.1881873007,20030217.47862717,371.1912025540972,209.67373181979426,0.6006760323007903,123.87148908428047,0.8598311939022403
2003Q2,3713522.102825057,20030516.573083,372.1297596069486,210.34576241445868,0.6003861721080553,124.66949549818516,0.8601528220416005
2003Q3,3729064.5441230657,20030813.939019896,363.03325350036846,206.62251289609432,0.6043132489357786,126.34114009370423,0.8602704559488668
2003Q4,3735122.1089614895,20031116.44022632,359.6461945610513,206.91558678590982,0.6096124418320915,130.20638268317757,0.8617967970755067
2004Q1,3613229.2180240443,20040217.7647112,340.76778450691495,196.6895959504655,0.6046697952282805,121.2556366515936,0.8596137621086921
2004Q2,3660364.8432789776,20040513.864081092,344.9633318642574,200.65050683120316,0.6091779242948082,126.46614206502294,0.8620612087070233
2004Q3,3608820.805699255,20040813.335992984,351.5914949583516,199.3735203857957,0.5980789013837663,117.15574636651074,0.857800193271114
2004Q4,3621507.854507686,20041113.55122559,354.37756543415037,197.44902368093062,0.5884691458572993,110.65606467865263,0.8540598608705254
2005Q1,3614347.6732310317,20050218.782097187,355.72037510656435,197.5765558397272,0.5862952358493841,109.70442725810167,0.8532963591802812
2005Q2,3599578.907961058,20050524.833390873,361.6744459020921,199.5857211903611,0.5831864774831426,107.95074729738903,0.8530246613209335
2005Q3,3601438.5055417703,20050815.452164322,362.90068927488284,199.91458505652054,0.579109737998091,107.06271594077054,0.8525491736507724
2005Q4,3628230.573948514,20051113.381952483,365.9064549914558,200.95975966043767,0.5796818007877904,107.37083032564311,0.852964727202753
2006Q1,3626796.965062968,20060213.647669896,356.38674482038186,196.370727177761,0.5801123985966204,106.38214938341238,0.851881452732794
2006Q2,3533117.323780883,20060511.707588892,368.5153605755056,201.98873754348725,0.5770360659973357,107.36090238712674,0.8533791867834247
2006Q3,3595334.7175410707,20060816.057940293,365.827768945416,200.01283636577753,0.5759479237361324,106.0533036506409,0.8524073778185485
2006Q4,3563343.7601918466,20061115.780215826,369.49112709832133,200.9478417266187,0.5742617190290095,105.10643845846336,0.8520395254665185
2007Q1,3601872.5892425086,20070217.681245733,383.6550034121223,206.34741609280974,0.5696017081222106,103.73946827549354,0.8512126028397903
2007Q2,3539336.246655032,20070516.497789413,384.474520069808,205.4178010471204,0.5672217086668552,102.52908584641162,0.8501812468149887
2007Q3,3547874.6425767723,20070813.521126762,385.7960632648349,206.84380050796582,0.5691348244127188,103.65206083967438,0.850796660442122
2007Q4,3531335.084064038,20071116.052384455,382.63749505006507,205.21100865531483,0.5699147309427898,104.01598119122993,0.8512466517248919
2008Q1,3587800.8308163835,20080216.098021735,372.22340484814714,201.100362217888,0.5729224829896963,104.06718510615022,0.8511809024307059
2008Q2,3604696.3792919316,20080514.80968655,368.8839643295776,198.4032680087574,0.5703376694184933,102.61414943764584,0.8498055182296809
2008Q3,3585517.5256780474,20080812.810203273,372.02242228639375,200.8990430892928,0.5709741824189829,104.12021167733893,0.8507686516993284
2008Q4,3616010.278034415,20081109.82503753,370.65723524656426,200.62247372675827,0.5717134459734373,104.39560093889862,0.8508297871312952
